File Name,Risk Reward
LDOS_10.csv,47.29240561562565
EBR_10.csv,72.53638114373847
