File Name,Risk Reward_5,Risk Reward_10,Risk Reward_15
LDOS.csv,24.5469554786839,47.29240561562565,42.36288591028547
EBR.csv,48.72092937289252,72.53638114373847,62.90804686047373
