File Name,Risk Reward
LDOS_5.csv,24.5469554786839
EBR_5.csv,48.72092937289252
