File Name,Average Daily Return (15 Years),Volatility (15 Years)
LDOS_15.csv,0.0004520651380601759,0.03458014467974819
EBR_15.csv,-7.998602870473714e-05,0.05245319194459732
