File Name,Risk Reward
CVGW.csv,44.8350851856526
SEED.csv,47.75143214423171
SMG.csv,50.071348733777754
CALM.csv,50.60602036420361
CRESY.csv,64.53643267882046
CDZI.csv,121.60286828587924
ALCO.csv,127.45158508620065
BTI.csv,-1926.0181455335326
