File Name,Risk Reward
MYRG.csv,24.819710013372163
LOPE.csv,28.952081013889373
TREE.csv,29.142776075831712
DMRC.csv,35.980003843036634
ERII.csv,44.106683611149414
AGNC.csv,-235.00668532826484
HBCP.csv,-12.090529461531531
SHIP.csv,-8.858502151389748
SGLY.csv,-5.307589340866734
