File Name,Risk Reward
LDOS.csv,42.36288591028547
EBR.csv,62.90804686047373
