File Name,Average Daily Return (15 Years),Volatility (15 Years)
LDOS_15.csv,0.0008162839697224764,0.03458014467974819
EBR_15.csv,0.0008338073515608478,0.05245319194459732
