File Name,Volatility,Risk Reward
LDOS.csv,0.03458014467974819,42.36288591028547
EBR.csv,0.05245319194459732,62.90804686047373
