File Name,Average Daily Return (15 Years)
LDOS_15.csv,0.0008162839697224764
EBR_15.csv,0.0008338073515608478
